{
"java8": false,
"useBeanValidation": false,
"hideGenerationTimestamp": true,
"apiPackage": "it.csi.prodis.prodissrv.restclient.be",
"modelPackage":  "it.csi.prodis.prodissrv.restclient.dto",
"invokerPackage": "it.csi.prodis.prodissrv.restclient.be",
"implFolder": "implfolder",
"sourceFolder": "src/java",
"useSwaggerFeature": false,
"generateJbossDeploymentDescriptor": false,
"generateImplArtifacts": false,
"generateSwaggerMetadata": false,
"attributeSerializationStrategy": "explicit-as-modeled", 
"accessHttpHeaders": false,
"accessHttpRequest": false
}